{

  "ReRoutes": [
    {
      "DownstreamPathTemplate": "/api/StudySession",
      "DownstreamScheme": "https",
      "DownstreamHostAndPorts": [
        {
          "Host": "studysessionmanagement20240729090253.azurewebsites.net",
          "Port": 443
        }
      ],
      "UpstreamPathTemplate": "/apigateway/StudySessionManagement",
      "UpstreamHttpMethod": [ "GET", "POST" ]
    },
    {
      "DownstreamPathTemplate": "/api/StudySession/{id}",
      "DownstreamScheme": "https",
      "DownstreamHostAndPorts": [
        {
          "Host": "studysessionmanagement20240729090253.azurewebsites.net",
          "Port": 443
        }
      ],
      "UpstreamPathTemplate": "/apigateway/StudySessionManagement/{id}",
      "UpstreamHttpMethod": [ "GET", "PUT", "DELETE" ]
    },
    {
      "DownstreamPathTemplate": "/api/StudySession/Break",
      "DownstreamScheme": "https",
      "DownstreamHostAndPorts": [
        {
          "Host": "studysessionmanagement20240729090253.azurewebsites.net",
          "Port": 443
        }
      ],
      "UpstreamPathTemplate": "/apigateway/StudySessionManagement/Break",
      "UpstreamHttpMethod": [ "GET", "POST" ]
    },
    {
      "DownstreamPathTemplate": "/api/StudySession/Break/{id}",
      "DownstreamScheme": "https",
      "DownstreamHostAndPorts": [
        {
          "Host": "studysessionmanagement20240729090253.azurewebsites.net",
          "Port": 443
        }
      ],
      "UpstreamPathTemplate": "/apigateway/StudySessionManagement/Break/{id}",
      "UpstreamHttpMethod": [ "GET", "PUT", "DELETE" ]
    },
    {
      "DownstreamPathTemplate": "/api/StudySession/Break/Session/{id}",
      "DownstreamScheme": "https",
      "DownstreamHostAndPorts": [
        {
          "Host": "studysessionmanagement20240729090253.azurewebsites.net",
          "Port": 443
        }
      ],
      "UpstreamPathTemplate": "/apigateway/StudySessionManagement/Break/Session/{id}",
      "UpstreamHttpMethod": [ "GET", "PUT", "DELETE" ]
    },
    {
      "DownstreamPathTemplate": "/api/StudySession/Progress",
      "DownstreamScheme": "https",
      "DownstreamHostAndPorts": [
        {
          "Host": "studysessionmanagement20240729090253.azurewebsites.net",
          "Port": 443
        }
      ],
      "UpstreamPathTemplate": "/apigateway/StudySessionManagement/Progress",
      "UpstreamHttpMethod": [ "GET", "POST" ]
    },
    {
      "DownstreamPathTemplate": "/api/StudySession/Progress/{id}",
      "DownstreamScheme": "https",
      "DownstreamHostAndPorts": [
        {
          "Host": "studysessionmanagement20240729090253.azurewebsites.net",
          "Port": 443
        }
      ],
      "UpstreamPathTemplate": "/apigateway/StudySessionManagement/Progress/{id}",
      "UpstreamHttpMethod": [ "GET", "PUT", "DELETE" ]
    },
    {
      "DownstreamPathTemplate": "/api/StudySession/Progress/Session/{id}",
      "DownstreamScheme": "https",
      "DownstreamHostAndPorts": [
        {
          "Host": "studysessionmanagement20240729090253.azurewebsites.net",
          "Port": 443
        }
      ],
      "UpstreamPathTemplate": "/apigateway/StudySessionManagement/Progress/Session/{id}",
      "UpstreamHttpMethod": [ "GET", "PUT", "DELETE" ]
    },
    {
      "DownstreamPathTemplate": "/api/Prediction",
      "DownstreamScheme": "https",
      "DownstreamHostAndPorts": [
        {
          "Host": "predictionservice20240729092018.azurewebsites.net",
          "Port": 443
        }
      ],
      "UpstreamPathTemplate": "/apigateway/PredictionService",
      "UpstreamHttpMethod": [ "GET", "POST" ]
    },
    {
      "DownstreamPathTemplate": "/api/Prediction/Progress",
      "DownstreamScheme": "https",
      "DownstreamHostAndPorts": [
        {
          "Host": "predictionservice20240729092018.azurewebsites.net",
          "Port": 443
        }
      ],
      "UpstreamPathTemplate": "/apigateway/PredictionService/Progress",
      "UpstreamHttpMethod": [ "GET", "POST" ]
    },
    {
      "DownstreamPathTemplate": "/student",
      "DownstreamScheme": "https",
      "DownstreamHostAndPorts": [
        {
          "Host": "localhost",
          "Port": 443
        }
      ],
      "UpstreamPathTemplate": "/apigateway/student",
      "UpstreamHttpMethod": [ "GET", "POST" ]
    },
    {
      "DownstreamPathTemplate": "/subject",
      "DownstreamScheme": "https",
      "DownstreamHostAndPorts": [
        {
          "Host": "localhost",
          "Port": 443
        }
      ],
      "UpstreamPathTemplate": "/apigateway/subject",
      "UpstreamHttpMethod": [ "GET", "POST" ]
    }
  ]
}
